sample_id,property_organic_content
test_00001,22.795229099946543
test_00002,10.448114429987122
test_00003,25.929898851162477
test_00004,24.815444883864018
test_00005,30.265089492767693
test_00006,19.921026360115533
test_00007,37.752783047397244
test_00008,21.327505303671828
test_00009,21.330743110360626
test_00010,37.76783595837742
test_00011,35.770472180740725
test_00012,48.894235444635896
test_00013,14.628219785138707
test_00014,14.620150066155741
test_00015,15.013346568771583
test_00016,64.04979875987495
test_00017,27.059877802974974
test_00018,20.91476790105426
test_00019,22.02738805290709
test_00020,53.71458985066873
test_00021,24.47956448223219
test_00022,18.54431150679963
test_00023,16.0747938793725
test_00024,29.460191106994664
test_00025,14.974295571719558
test_00026,34.436451045880304
test_00027,21.766301072531906
test_00028,20.937589283100955
test_00029,21.192175083350083
test_00030,45.10799706929083
test_00031,120.84854590725396
test_00032,19.929023868453363
test_00033,20.117007772110213
test_00034,36.327309115830126
test_00035,81.11635113408431
test_00036,26.822614990686176
test_00037,46.9719418749178
test_00038,39.476268556898575
test_00039,46.627617862631574
test_00040,33.10302528048285
test_00041,30.13950263664394
test_00042,19.47225084753281
test_00043,41.558137556118005
test_00044,17.506636468069676
test_00045,17.392892560915875
test_00046,21.957418750099677
test_00047,52.22166694387397
test_00048,28.530117369582253
test_00049,35.512565594102995
test_00050,16.22293219382337
test_00051,33.84031977145999
test_00052,16.18938927672215
test_00053,61.4288563829349
test_00054,20.385580069977348
test_00055,26.24618234479299
test_00056,30.522548856885912
test_00057,28.57010104182459
test_00058,18.25935214309593
test_00059,43.12452589789879
test_00060,23.43790201116074
test_00061,19.16710536391987
test_00062,13.162893764732083
test_00063,14.201608152015996
test_00064,15.035191456695317
test_00065,70.03614198794483
test_00066,23.593646815249073
test_00067,34.410725472293656
test_00068,38.10269692007652
test_00069,41.52127006566202
test_00070,50.442196066313414
test_00071,51.0636891091988
test_00072,31.54022263107551
test_00073,20.850590660301812
test_00074,27.938776456639637
test_00075,37.164798694818586
test_00076,43.68990137538444
test_00077,22.813910904521293
test_00078,23.820416348850287
test_00079,89.31533933617077
test_00080,20.342048237089948
test_00081,68.84602708788802
test_00082,68.81510943928029
test_00083,29.8408487996881
test_00084,19.704960044601968
test_00085,47.08474778935929
test_00086,64.69558961956983
test_00087,25.459591473884814
test_00088,47.8845914601994
test_00089,21.31610876391635
test_00090,18.489383432910543
test_00091,40.983331725422886
test_00092,13.939589784654597
test_00093,33.83147966754999
test_00094,15.957844470514939
test_00095,39.271837008723566
test_00096,48.89262098982918
test_00097,25.91499553538825
test_00098,33.27288734361238
test_00099,53.55631367683168
test_00100,15.661788668452656
test_00101,26.611977507439086
test_00102,16.680037423342135
test_00103,33.32952601005243
test_00104,48.41540849875783
test_00105,31.53945666635795
test_00106,23.32543738131561
test_00107,30.942630626245098
test_00108,43.10070532824621
test_00109,46.285920502969944
test_00110,29.09465850311682
test_00111,9.446411581592463
test_00112,20.06631922656984
test_00113,24.63758443530228
test_00114,76.81743637869155
test_00115,47.69529787424404
test_00116,16.650332677652464
test_00117,91.56555038391167
test_00118,34.29520059618875
test_00119,23.825679495391388
test_00120,30.2089133983204
test_00121,15.461241820096493
test_00122,52.196354466111934
test_00123,19.267835204641987
test_00124,14.735566576514593
test_00125,14.02395144101554
test_00126,32.658941529140236
test_00127,24.218287106685345
test_00128,26.308105451151402
test_00129,15.746874760877851
test_00130,32.45558202119766
test_00131,48.839790478832064
test_00132,15.032728613790514
test_00133,39.22438469858728
test_00134,18.838668792217184
test_00135,16.21615620338688
test_00136,25.484035838541708
test_00137,24.640202619731106
test_00138,24.62324757661443
test_00139,23.798366146781632
test_00140,27.032971031755118
test_00141,18.624644806426232
test_00142,40.592900655254624
test_00143,30.087523699969232
test_00144,37.99488721133472
test_00145,21.81230506172672
test_00146,28.65389948579658
test_00147,38.15919370709406
test_00148,29.966148217106987
test_00149,24.540185457567194
test_00150,17.538521759199035
test_00151,33.73859799150939
test_00152,35.875525445344095
test_00153,15.879992260746146
test_00154,23.642196942441586
test_00155,28.807569196383643
test_00156,27.034437898063256
test_00157,63.76369079160082
test_00158,17.777378016646324
test_00159,12.067427740885353
test_00160,85.7459428135214
test_00161,30.766601612944577
test_00162,24.14114240363036
test_00163,17.69607785160047
test_00164,25.393787534258408
test_00165,22.808828300135435
test_00166,36.84157330333246
test_00167,29.919080726567888
test_00168,40.41076578323013
test_00169,18.770533719464026
test_00170,15.216509325280162
test_00171,41.916383813768746
test_00172,44.61191875883467
test_00173,20.667561151701474
test_00174,18.83701170406684
test_00175,21.917682129831586
test_00176,22.541182665491018
test_00177,21.964695674417847
test_00178,55.094893427552364
test_00179,42.22842932695567
test_00180,52.434109150058994
test_00181,14.965731183172664
test_00182,16.72063399905083
test_00183,24.620322292633787
test_00184,13.273878050386582
test_00185,39.732829470499695
test_00186,25.180864251064957
test_00187,47.926797368360155
test_00188,22.216042045429123
test_00189,32.10725816244375
test_00190,30.6131046313752
test_00191,35.25392058931715
test_00192,25.25938848598959
test_00193,18.793890879323236
test_00194,40.68309282213184
test_00195,20.53621801531734
test_00196,91.16110363230334
test_00197,18.585396715905397
test_00198,29.319526841701816
test_00199,81.73010433012438
test_00200,16.806172657677955
test_00201,43.437575003423994
test_00202,21.62701946290054
test_00203,30.838557588962086
test_00204,92.47195202822675
test_00205,13.548752674836543
test_00206,36.1827328611456
test_00207,40.122348623285426
test_00208,22.320993673826596
test_00209,18.911962399415245
test_00210,21.391039046613326
test_00211,19.0026157534419
test_00212,26.170005846688074
test_00213,72.19114562675492
test_00214,16.35256158865643
test_00215,50.25777799319205
test_00216,56.80474847795877
test_00217,36.12868597937759
test_00218,19.486754636237833
test_00219,23.521415286459415
test_00220,24.541458255118187
test_00221,49.257319101160675
test_00222,14.52093331587924
test_00223,133.00678818429836
test_00224,18.427661597649312
test_00225,28.81316666234915
test_00226,31.33945841388591
test_00227,22.11827553431781
test_00228,50.68395861224861
test_00229,30.40500433454904
test_00230,27.823371775332117
test_00231,145.03208258509045
test_00232,29.793665666505817
test_00233,14.027484246377607
test_00234,52.33709761029457
test_00235,33.351443794436015
test_00236,34.68689498380216
test_00237,38.27406950966537
test_00238,15.453559765293702
test_00239,36.98472185294841
test_00240,33.96504805320926
test_00241,45.56461432314751
test_00242,13.186408416193839
test_00243,29.432082080110458
test_00244,15.330064229461811
test_00245,47.729046894797875
test_00246,15.19998297133959
test_00247,29.083797152312783
test_00248,59.2776697699869
test_00249,28.260729244216215
test_00250,16.627568904520807
test_00251,15.599246166505617
test_00252,26.293770731067028
test_00253,25.427174488515032
test_00254,21.404840894367716
test_00255,18.261777602707674
test_00256,20.77323372314602
test_00257,6.40842611756851
test_00258,39.5818409119403
test_00259,17.517769507997873
test_00260,18.304035109062106
test_00261,18.17881153723019
test_00262,20.159576278051087
test_00263,24.96803791625875
test_00264,35.745492059652065
test_00265,40.14991445849984
test_00266,24.87119634401977
test_00267,24.21144017695471
test_00268,29.003852186205428
test_00269,27.71878160244639
test_00270,30.131680823600426
test_00271,23.607595360278577
test_00272,22.50391520809023
test_00273,25.373767730702212
test_00274,28.908582177230386
test_00275,11.45524259069607
test_00276,17.435655648301974
test_00277,41.84654909768349
test_00278,68.72313612374516
test_00279,87.23566586890085
test_00280,33.30096758519313
test_00281,14.240512364237329
test_00282,31.006431009370658
test_00283,14.451764351416717
test_00284,50.18429280537697
test_00285,33.55212704665818
test_00286,8.825753350382243
test_00287,22.301087009203677
test_00288,46.38822898806595
test_00289,21.719077131299876
test_00290,79.34310037854806
test_00291,32.8399537054883
test_00292,34.84291274344326
test_00293,46.27990625202122
test_00294,105.09666964452987
test_00295,20.808186261558937
test_00296,18.235981603925957
test_00297,14.772029279864753
test_00298,32.589619441593825
test_00299,22.327115561580975
test_00300,49.26720387111462
test_00301,33.61301350313154
test_00302,49.143170970115065
test_00303,31.142971485829445
test_00304,19.372224577563074
test_00305,20.23058390280666
test_00306,13.712034905023554
test_00307,22.448021111249805
test_00308,25.420095462241136
test_00309,13.330171764470476
test_00310,30.258482772536645
test_00311,16.098903327851897
test_00312,82.85261896672836
test_00313,53.153540964455004
test_00314,23.798278807118052
test_00315,32.71325009734487
test_00316,24.922441660408555
test_00317,35.38125111832618
test_00318,13.137360994949946
test_00319,22.80561138526683
test_00320,48.89364009217435
test_00321,13.260524616161124
test_00322,38.32036402189613
test_00323,24.397090390338185
test_00324,26.129312966264933
test_00325,25.483276085893817
test_00326,13.872003288074247
test_00327,28.211611668333283
test_00328,51.00111568547882
test_00329,16.225368888074794
test_00330,26.197686885460946
test_00331,24.445862180734267
test_00332,53.436874863850946
test_00333,27.832553476776027
test_00334,34.09379055827195
test_00335,19.742028547878554
test_00336,24.50160409257822
test_00337,25.956209708855553
test_00338,27.458792956299767
test_00339,30.953277716313373
test_00340,45.57394321238449
test_00341,91.20612814138903
test_00342,40.19195675432658
test_00343,31.087559887273198
test_00344,18.858041669587493
test_00345,28.748401336852858
test_00346,54.22155237527042
test_00347,34.847886262315455
test_00348,17.804384053796774
test_00349,10.272695641425795
test_00350,18.322855528728162
test_00351,61.113520147813844
test_00352,61.79924183832395
test_00353,18.769934259121904
test_00354,51.73522786208748
test_00355,80.97390092498051
test_00356,23.657184950155973
test_00357,10.8797772828331
test_00358,15.612671786793506
test_00359,32.259696315994255
test_00360,28.378924979983584
test_00361,15.680551600561769
test_00362,59.72648779853944
test_00363,21.93748544258037
test_00364,62.92130725492416
test_00365,21.60262266653691
test_00366,25.878929453446176
test_00367,26.854242661772826
test_00368,42.18838282148792
test_00369,50.61394056448805
test_00370,19.642237705325822
test_00371,16.100616513677416
test_00372,41.469114346177044
test_00373,42.00978095333252
test_00374,41.00598197559542
test_00375,19.13291531728847
test_00376,44.95971790794156
test_00377,22.087889036761812
test_00378,69.24046505708216
test_00379,36.174342772552
test_00380,19.478243608925794
test_00381,26.247957676270534
test_00382,26.36237882126597
test_00383,46.09422562465686
test_00384,15.634677838002697
test_00385,40.43138946908381
test_00386,22.33347772419654
test_00387,16.727896639855608
test_00388,51.52596496597063
test_00389,33.32401781982373
test_00390,17.672570731893764
test_00391,30.221384728185953
test_00392,29.703242685875246
test_00393,20.427249718172753
test_00394,18.545759005980468
test_00395,18.755272510580696
test_00396,50.05742040567594
test_00397,25.877627410753426
test_00398,78.27320299231205
test_00399,48.163338267837
test_00400,77.40254903993588
test_00401,19.568422957666446
test_00402,27.731677560097427
test_00403,15.307284550706765
test_00404,23.932061474904344
test_00405,40.02944303458991
test_00406,50.82788685273761
test_00407,40.31361520537125
test_00408,45.43341713107243
test_00409,23.349852872728583
test_00410,25.2006588818383
test_00411,25.887107107423233
test_00412,32.77673116113864
test_00413,27.812333978575282
test_00414,54.813098170291084
test_00415,14.373430263816154
test_00416,12.560689259761897
test_00417,72.55006026758387
test_00418,35.68975535149929
test_00419,140.82922389184276
test_00420,12.268533490982811
test_00421,39.164253964890946
test_00422,42.14455403438211
test_00423,31.618513191207082
test_00424,19.311488596299576
test_00425,15.51365553343022
test_00426,41.35951511178749
test_00427,35.11816911598522
test_00428,116.00714794103135
test_00429,16.880900805024222
test_00430,21.922939929448766
test_00431,20.370175490997056
test_00432,43.63279764110681
test_00433,31.180712398539832
test_00434,25.53190156839986
test_00435,41.20606518928821
test_00436,32.789846561787584
test_00437,30.24718568660096
test_00438,11.954456766563993
test_00439,48.42620840705884
test_00440,95.36603669461385
test_00441,48.3043208399049
test_00442,41.48639592404641
test_00443,17.175697935418736
test_00444,29.711435404519207
test_00445,16.936428516931592
test_00446,64.21719435031719
test_00447,28.504538804792283
test_00448,58.77087151693921
test_00449,49.32503762448403
test_00450,66.25501104697652
test_00451,19.253984166275156
test_00452,43.09773070817465
test_00453,45.6220867130908
test_00454,16.129350457688517
test_00455,47.70966284180123
test_00456,25.324501926351196
test_00457,37.35287277243237
test_00458,33.67047783446959
test_00459,81.23442012691729
test_00460,11.94061336394945
test_00461,18.836563813128517
test_00462,14.444971404862768
test_00463,46.08263047822632
test_00464,20.55417797743886
test_00465,45.24755563879845
test_00466,28.907884071998716
test_00467,14.929056430265256
test_00468,58.79303356026436
test_00469,25.698359728882995
test_00470,22.484231993249267
test_00471,64.03481763435536
test_00472,33.22682268006872
test_00473,23.191177250809368
test_00474,18.38419925116811
test_00475,10.889523526960142
test_00476,64.38419856887208
test_00477,55.10383731269721
test_00478,31.359531686917023
test_00479,12.116036228513739
test_00480,23.467008054416837
test_00481,29.66195373209188
test_00482,22.551850662906944
test_00483,27.066323794340196
test_00484,14.962093272322743
test_00485,33.21731656303764
test_00486,28.47801862132511
test_00487,25.85853839037777
test_00488,40.08174280918287
test_00489,13.332747879075285
test_00490,41.87228965944226
test_00491,59.58158057991906
test_00492,29.37857715034844
test_00493,80.70720212670838
test_00494,29.849698074894544
test_00495,15.89651874088247
test_00496,12.32999567315117
test_00497,29.104745738693744
test_00498,18.88790523797564
test_00499,62.452838684693276
test_00500,25.452375326479718
test_00501,26.26659254970345
test_00502,17.466715491037657
test_00503,36.007880329482916
test_00504,25.86596848107466
test_00505,38.27164842081699
test_00506,27.54769503587493
test_00507,24.104703512456386
test_00508,25.717885042019688
test_00509,59.66839301630342
test_00510,68.61144644070141
test_00511,29.420528194395555
test_00512,25.451507769763882
test_00513,16.77219894359422
test_00514,29.206934355230693
test_00515,36.658263422846645
test_00516,42.286137397789766
test_00517,34.86268903342874
test_00518,31.64499721574036
test_00519,27.961396123721038
test_00520,15.084779793371823
test_00521,25.06806080613371
test_00522,15.22339226923042
test_00523,18.06383514264089
test_00524,32.97229331246878
test_00525,47.27550717504698
test_00526,33.57125745851414
test_00527,25.572224113904596
test_00528,21.185561114513796
test_00529,81.09303899099962
test_00530,43.658133365384316
test_00531,22.082418123333607
test_00532,20.674484429021447
test_00533,17.857460612408936
test_00534,17.07240111851989
test_00535,53.51826819371628
test_00536,51.66119961904128
test_00537,29.90699822998583
test_00538,26.7868604769952
test_00539,27.697700427281077
test_00540,30.67882481702857
test_00541,40.54018240946744
test_00542,50.70464104066578
test_00543,38.71991897160079
test_00544,18.723909011713715
test_00545,23.16167997246445
test_00546,40.11231634227747
test_00547,75.39045799291274
test_00548,24.565256958661344
test_00549,42.892090406066906
test_00550,15.474044053581368
test_00551,73.1990581665907
test_00552,30.64617615833088
test_00553,18.721803743405104
test_00554,20.71004001910773
test_00555,59.07952056220854
test_00556,14.542221554854404
test_00557,44.13450688617955
test_00558,14.013591656737932
test_00559,101.78661137930604
test_00560,18.455583953559955
test_00561,31.94451174665923
test_00562,38.69700904761492
test_00563,70.60745852632029
test_00564,30.297631816296303
test_00565,20.892655130606872
test_00566,36.60240781323822
test_00567,70.35984144232783
test_00568,63.20076686336306
test_00569,58.18834178366032
test_00570,38.764090815408366
test_00571,63.38144135381747
test_00572,12.244013277318963
test_00573,26.179683500035992
test_00574,16.931621120382104
test_00575,8.786259730845602
test_00576,17.25341674373793
test_00577,73.14221543654197
test_00578,35.835794659179534
test_00579,24.627902800889544
test_00580,25.33133860674448
test_00581,13.572684644655677
test_00582,17.502849803751666
test_00583,20.664025618899718
test_00584,23.971932153217736
test_00585,18.52913257613296
test_00586,21.464736990035597
test_00587,50.810647602251954
test_00588,25.954221210628216
test_00589,14.312746273344022
test_00590,11.350891810821466
test_00591,32.620140230025356
test_00592,17.81494629138561
test_00593,50.75508012767399
test_00594,13.571699854456387
test_00595,7.604404986822315
test_00596,21.126247086628698
test_00597,58.63498889779096
test_00598,13.007186792236794
test_00599,66.19955628300258
test_00600,14.961265965146556
test_00601,55.040204200892084
test_00602,78.48873201748123
test_00603,37.027821431104094
test_00604,19.8312774595986
test_00605,14.62081755737995
test_00606,15.015557549966289
test_00607,22.677950302827053
test_00608,61.231696223868425
test_00609,17.960408159404416
test_00610,62.00057275044003
test_00611,27.867307872791212
test_00612,16.97844959512016
test_00613,25.89586971683251
test_00614,32.174155103817526
test_00615,74.23280053381758
test_00616,53.09484800654184
test_00617,16.76508991087818
test_00618,52.538475443304186
test_00619,22.334038734909146
test_00620,25.573644526003505
test_00621,20.65341963230347
test_00622,12.866253759925648
test_00623,15.996559334743743
test_00624,18.493060124123325
test_00625,33.936819718633316
test_00626,21.892835830286977
test_00627,61.62838003679375
test_00628,19.892900677480824
test_00629,27.58607824902666
test_00630,47.78616507453684
test_00631,40.629961103720674
test_00632,47.056063651490206
test_00633,58.2052314873779
test_00634,17.301857168994548
test_00635,12.868505024428321
test_00636,89.22298716716061
test_00637,18.461290760532364
test_00638,21.608240981159778
test_00639,55.61260063298775
test_00640,47.85427800325238
test_00641,31.100642434239116
test_00642,26.006281732325146
test_00643,13.715048186722546
test_00644,27.99069750122841
test_00645,35.99089826966891
test_00646,20.24434887682142
test_00647,21.846177602840584
test_00648,19.019245996030218
test_00649,18.000119795263124
test_00650,71.35424610729305
test_00651,11.271078470881445
test_00652,31.09307868147317
test_00653,19.75913920885454
test_00654,23.223268461284107
test_00655,33.428931047837935
test_00656,14.352288134793781
test_00657,37.254946230185276
test_00658,16.40823016455377
test_00659,14.47983073557403
test_00660,16.078576289922005
test_00661,27.892882841345028
test_00662,71.50986098422663
test_00663,12.415903185114184
test_00664,43.136312104049956
test_00665,98.59335467726567
test_00666,28.95960864986387
test_00667,28.482477569382432
test_00668,25.743526821214935
test_00669,23.567188613593764
test_00670,16.99296892422348
test_00671,88.61126313660975
test_00672,29.84303720425941
test_00673,65.37985784440045
test_00674,32.69587930018399
test_00675,35.70495355294075
test_00676,20.81247405951934
test_00677,71.99181068422877
test_00678,43.278265094390676
test_00679,22.36535358374132
test_00680,26.6357798861522
test_00681,14.520806714654261
test_00682,19.579632112234187
test_00683,48.001465905638675
test_00684,51.514797785776906
test_00685,61.09672167821875
test_00686,39.14285410314346
test_00687,70.27515212334853
test_00688,15.368789262004832
test_00689,37.453753235002495
test_00690,17.117632304873577
test_00691,26.614861246506877
test_00692,13.176904593964906
test_00693,24.579538740829708
test_00694,44.70686643985386
test_00695,47.866648463393076
test_00696,49.72212908498552
test_00697,12.173392439546634
test_00698,18.111130122678077
test_00699,27.504299765880482
test_00700,19.72875852700758
test_00701,27.773591738335757
test_00702,22.05996031202895
test_00703,15.89929162842299
test_00704,104.45766417026084
test_00705,46.451155085751594
test_00706,49.4613744478971
test_00707,33.47210143388601
test_00708,126.16475793912375
test_00709,9.302045161914167
test_00710,37.13182484658767
test_00711,26.201326754701782
test_00712,35.01924241830591
test_00713,35.88675577082727
test_00714,18.14742184386186
test_00715,20.08772318001021
test_00716,47.95829044614549
test_00717,93.02846210155238
test_00718,45.915544605199145
test_00719,36.5633846686442
test_00720,52.412467524959304
test_00721,14.437707372777101
test_00722,76.81198206833113
test_00723,90.91545953620266
test_00724,36.99541475674037
test_00725,26.11159944303331
test_00726,77.1062657022604
test_00727,27.728645488731438
test_00728,29.616903601555606
test_00729,12.816167473836124
test_00730,37.92112772188613
test_00731,21.92356285510612
test_00732,25.80569973921051
test_00733,36.305336275873096
test_00734,16.01762728379648
test_00735,59.20458183279603
test_00736,30.95896356898467
test_00737,56.54525701383476
test_00738,32.09341089918946
test_00739,19.655605303793294
test_00740,13.976215646086583
test_00741,25.15171396649826
test_00742,40.334759884980855
test_00743,17.325475661208603
test_00744,56.4662405637407
test_00745,116.31198584314029
test_00746,23.090101836309643
test_00747,25.26538053590107
test_00748,12.587440228047706
test_00749,29.327997680196006
test_00750,48.48990703445723
test_00751,41.03921276592191
test_00752,32.19466040979846
test_00753,32.471305957792396
test_00754,87.63815784087934
test_00755,26.867024385839414
test_00756,14.201121318690715
test_00757,57.97870036917773
test_00758,70.268648653731
test_00759,26.554513344466457
test_00760,75.356902882799
test_00761,31.685123451286593
test_00762,41.592363051082984
test_00763,16.30242052311102
test_00764,36.09355377704039
test_00765,12.82802621780073
test_00766,36.6547009548363
test_00767,73.869004889657
test_00768,16.361123045297365
test_00769,56.04350115508028
test_00770,18.112280578424922
test_00771,34.948442112314076
test_00772,95.0640661747374
test_00773,65.08256792540037
test_00774,18.12385492876826
test_00775,73.07791271262147
test_00776,51.81023107401171
test_00777,25.113778900232532
test_00778,28.665734061780434
test_00779,22.021896967109306
test_00780,13.140479406046461
test_00781,59.903336187158416
test_00782,56.21215285914417
test_00783,34.83208474175079
test_00784,25.02428042112412
test_00785,19.245446103567332
test_00786,21.43798635527232
test_00787,28.499819673372706
test_00788,36.21195853811206
test_00789,22.222712458769262
test_00790,117.23545866926855
test_00791,26.310331667607695
test_00792,11.36257623722058
test_00793,30.292189464204014
test_00794,24.995415309266
test_00795,62.75799624179619
test_00796,39.098247903667
test_00797,49.391855092175085
test_00798,40.44192300442555
test_00799,37.845312851869856
test_00800,29.83413120604684
test_00801,15.024178010188663
test_00802,39.35678532544475
test_00803,54.240913496692286
test_00804,21.484043001362295
test_00805,74.34864826866772
test_00806,34.06425916821789
test_00807,25.532445326614166
test_00808,35.84759525116128
test_00809,33.27082269778231
test_00810,16.509749270122246
test_00811,11.030054912428138
test_00812,24.671449233195858
test_00813,14.880126076012896
test_00814,12.571154264028554
test_00815,28.321693908818794
test_00816,24.686483250290287
test_00817,112.78341528393173
test_00818,28.139419325056743
test_00819,28.207666838469436
test_00820,23.651850627894227
test_00821,51.069832013933606
test_00822,33.66155677150353
test_00823,19.471444996532462
test_00824,87.48183788513761
test_00825,22.68577783261195
test_00826,22.96833286365309
test_00827,25.575565998750438
test_00828,79.7411737728472
test_00829,23.015800314171262
test_00830,56.26133360357837
test_00831,25.36153174803457
test_00832,47.577204263916435
test_00833,28.96510821999316
test_00834,19.7012539655948
test_00835,16.291633807547473
test_00836,11.502114357082792
test_00837,12.98073760313023
test_00838,13.868124406152042
test_00839,76.29825180504906
test_00840,42.986709996876876
test_00841,24.912100076958595
test_00842,34.166445178092246
test_00843,24.069373482216633
test_00844,27.147118160842822
test_00845,30.118007026178564
test_00846,52.58115887093523
test_00847,121.57315556543955
test_00848,25.873717679958787
test_00849,23.27014176229609
test_00850,10.659470776976454
test_00851,28.453728847846975
test_00852,13.70412105691099
test_00853,26.286014167623602
test_00854,13.918022419044771
test_00855,21.48346177116025
test_00856,15.376364928794459
test_00857,67.87058735952152
test_00858,27.00775973831194
test_00859,38.658545690409966
test_00860,17.03133572608089
test_00861,36.32578491792875
test_00862,45.95746514020688
test_00863,67.2419723366234
test_00864,20.623222940326826
test_00865,64.00897973360978
test_00866,22.7845083452477
test_00867,36.170822904094486
test_00868,22.04664357989634
test_00869,23.303156410062858
test_00870,37.27431192074991
test_00871,17.323130397251024
test_00872,28.547694585659446
test_00873,38.40112596702008
test_00874,37.27218174379822
test_00875,41.798568010888026
test_00876,25.835479602820662
test_00877,33.891755007899604
test_00878,14.2589690355269
test_00879,39.56867916836579
test_00880,31.78895970354536
test_00881,38.3547784356725
test_00882,30.726176402807788
test_00883,59.99711065634416
test_00884,17.866588721808863
test_00885,19.976379254891842
test_00886,69.32447251056205
test_00887,16.158191988907625
test_00888,71.04316954182049
test_00889,23.940828348103082
test_00890,36.70668214404898
test_00891,34.58724306466013
test_00892,47.46229812090978
test_00893,18.484672809190265
test_00894,27.880329428991583
test_00895,16.30507599483524
test_00896,44.90573971979746
test_00897,22.86954412415028
test_00898,53.425817919714376
test_00899,24.53775180067022
test_00900,36.39155438694633
test_00901,23.506484765643393
test_00902,30.886278983079464
test_00903,54.9884724008798
test_00904,23.135180338296152
test_00905,21.99995772736691
test_00906,39.55012759230545
test_00907,31.100262315896344
test_00908,108.366429212345
test_00909,12.205080680326716
test_00910,16.57325551344153
test_00911,29.16878223568098
test_00912,10.158348318526794
test_00913,13.047306974857015
test_00914,25.59748981464722
test_00915,20.661914914031577
test_00916,18.40735895225599
test_00917,14.183581013602371
test_00918,42.048705607359395
test_00919,18.597270133898895
test_00920,51.4577239335914
test_00921,15.894734044459378
test_00922,78.38705362056004
test_00923,15.603298251694882
test_00924,53.77605149985001
test_00925,15.019788700746505
test_00926,45.09660020227831
test_00927,33.68702575072145
test_00928,30.970174029049723
test_00929,16.41858755579052
test_00930,56.577115653581885
test_00931,18.39158366085958
test_00932,17.828992473678316
test_00933,12.156970915989332
test_00934,29.616546131751697
test_00935,70.0997253792194
test_00936,68.44350740875583
test_00937,22.429001751562197
test_00938,66.3522825376937
test_00939,22.871668175469168
test_00940,16.698585206770538
test_00941,75.6134920043616
test_00942,48.00613612943039
test_00943,87.5180457892145
test_00944,38.72493141044633
test_00945,19.26142824528089
test_00946,41.57698018836728
test_00947,16.781925838180374
test_00948,28.266828571951798
test_00949,15.35439293463238
test_00950,17.602976955623685
test_00951,30.65626695122375
test_00952,22.635278742242726
test_00953,57.11884777179985
test_00954,24.383101572003063
test_00955,12.58098399664556
test_00956,54.41984004283785
test_00957,15.111209501696436
test_00958,26.846332563109947
test_00959,31.222580210109093
test_00960,73.3335877980834
test_00961,24.282450254833186
test_00962,39.754751730622694
test_00963,39.288577908423306
test_00964,24.116554637669992
test_00965,53.10700043400246
test_00966,37.81149481768867
test_00967,19.864979878660872
test_00968,71.6776974849494
test_00969,23.762214309302404
test_00970,16.2639380103449
test_00971,23.3627821491263
test_00972,15.773318480797222
test_00973,109.17801632638259
test_00974,37.042004862963346
test_00975,32.54602445178797
test_00976,21.819999830695107
test_00977,18.18946201156144
test_00978,24.799899348653142
test_00979,24.209233359263248
test_00980,89.73208417532679
test_00981,21.24599743617484
test_00982,52.68606921243932
test_00983,25.74973152070909
test_00984,23.727885516132346
test_00985,25.09962261391862
test_00986,36.900091338744716
test_00987,16.546005766612847
test_00988,42.28883115916155
test_00989,27.49482760831451
test_00990,21.6796210099954
test_00991,96.8433988818583
test_00992,13.14796408609205
test_00993,20.052903508980435
test_00994,20.6362319888861
test_00995,32.946639864041266
test_00996,26.605955926978417
test_00997,14.625881370899759
test_00998,42.8569149948522
test_00999,25.780719124779253
test_01000,37.60451247647536
test_01001,18.221248307451823
test_01002,37.86370836602836
test_01003,19.534677309916923
test_01004,54.66382843167686
test_01005,35.22540307077343
test_01006,59.51026221235708
test_01007,34.84887093903447
test_01008,38.25244290426237
test_01009,28.47114997870497
test_01010,59.19880987703813
test_01011,42.72190356936325
test_01012,63.38928769207865
test_01013,28.148583289426732
test_01014,31.0418696136487
test_01015,48.16135513343683
test_01016,27.893286441308945
test_01017,28.36200683588529
test_01018,28.692144590972685
test_01019,30.656722514620295
test_01020,54.32459701954972
test_01021,53.90010273250118
test_01022,17.527919453392837
test_01023,18.44351774816605
test_01024,21.27028108353719
test_01025,63.46331857233653
test_01026,21.162551613818565
test_01027,20.24481117495175
test_01028,18.516826770984654
test_01029,37.01351448901208
test_01030,26.88106644593612
test_01031,38.64759937352328
test_01032,16.70036241578114
test_01033,24.84299825419179
test_01034,103.46015457393568
test_01035,18.835967452522773
test_01036,41.0697502776235
test_01037,18.645308368722638
test_01038,45.73826567070573
test_01039,21.72479102110377
test_01040,51.732382645422064
test_01041,45.72341026276324
test_01042,16.340230814420742
test_01043,19.867122660659096
test_01044,25.47007079678625
test_01045,24.980792039523546
test_01046,36.29587893539915
test_01047,45.324939500244184
test_01048,18.36319973304577
test_01049,13.772370497741901
test_01050,46.95561608167708
test_01051,24.835402030190664
test_01052,25.799160251901377
test_01053,42.00001139514555
test_01054,24.856439135945124
test_01055,10.464412923048688
test_01056,16.12714840132692
test_01057,27.013619202031354
test_01058,54.143240128834115
test_01059,19.42156337064768
test_01060,10.623188017081597
test_01061,25.210799954480606
test_01062,30.599951391657164
test_01063,13.070001166889679
test_01064,67.71685318875294
test_01065,24.445553111766344
test_01066,21.028972394699608
test_01067,12.83995365876583
test_01068,70.52336663589634
test_01069,28.48590901212564
test_01070,47.188458059538306
test_01071,47.745832256348734
test_01072,101.48998731846956
test_01073,13.225738672805555
test_01074,12.235173441888927
test_01075,39.28251347547017
test_01076,49.83664740053523
test_01077,51.55746329418244
test_01078,8.849698534372493
test_01079,19.93876023667618
test_01080,20.891979500291114
test_01081,15.899420918924255
test_01082,28.236380325963793
test_01083,19.350034387027442
test_01084,52.770069024588494
test_01085,27.91049234787625
test_01086,18.193038218519586
test_01087,14.357183851828536
test_01088,34.18154544176459
test_01089,19.682186082002666
test_01090,54.55075767082127
test_01091,12.30416600673417
test_01092,26.237621197042607
test_01093,28.200342572047372
test_01094,16.351113234312372
test_01095,31.842003223895453
test_01096,78.73748119165276
test_01097,49.218745081491875
test_01098,50.85494294439812
test_01099,16.572199466300717
test_01100,78.61536158948981
test_01101,19.147886019908142
test_01102,20.631718066736635
test_01103,38.124263357661505
test_01104,22.810619516014047
test_01105,20.496212098893615
test_01106,37.147104987323935
test_01107,38.00773643052173
test_01108,74.17181752348407
test_01109,48.46539732483029
test_01110,48.743311341180686
test_01111,49.25724674142471
test_01112,22.60092286056207
test_01113,17.058448728854707
test_01114,21.9225071806658
test_01115,37.246151477349244
test_01116,43.44236969142463
test_01117,32.39236322992645
test_01118,22.449376426278995
test_01119,32.39362665214247
test_01120,41.90999087354702
test_01121,48.3616794268585
test_01122,65.12931890191966
test_01123,20.173183237311484
test_01124,27.941146132410857
test_01125,50.18025159929634
test_01126,60.66504353046591
test_01127,17.841445178354455
test_01128,79.03333922664831
test_01129,29.891540730099067
test_01130,49.476821293047166
test_01131,14.73906192074775
test_01132,21.0493611286396
test_01133,30.376855257145372
test_01134,66.39901579835893
test_01135,29.437182414167097
test_01136,29.717354751059112
test_01137,24.183234767273895
test_01138,103.94074715132888
test_01139,10.127928711213196
test_01140,66.06019627852416
test_01141,17.678832067608035
test_01142,51.394588891249256
test_01143,16.49118807907702
test_01144,66.60586476297077
test_01145,25.980278803031535
test_01146,41.55235416149749
test_01147,20.20703104480813
test_01148,18.940853159382268
test_01149,44.19241423050478
test_01150,13.942066900409973
test_01151,14.380762563624257
test_01152,17.85741179644883
test_01153,89.19470724362026
test_01154,86.62952901553004
test_01155,43.78478143167668
test_01156,22.705226981219663
test_01157,25.51445334749657
test_01158,137.35921497897132
test_01159,29.307287956302087
test_01160,19.852633164726193
test_01161,64.64836649303074
test_01162,20.131580534200122
test_01163,82.87030588851711
test_01164,24.861804344607542
test_01165,20.596511395848466
test_01166,16.177623753202905
test_01167,25.00643302001746
test_01168,109.7453949599728
test_01169,19.25867313800571
test_01170,60.305939140252654
test_01171,19.534674606446856
test_01172,35.08257355934501
test_01173,19.3943581500349
test_01174,28.58082299368791
test_01175,45.75762875119467
test_01176,19.82004715801523
test_01177,26.922595525213637
test_01178,23.304937764333218
test_01179,50.61898400246503
test_01180,8.154100371825946
test_01181,41.4720195631581
test_01182,40.98145392195872
test_01183,46.77340580074072
test_01184,44.43571098302885
test_01185,13.720618411119998
test_01186,33.44789854847802
test_01187,25.50354898661105
test_01188,28.58350175394086
test_01189,14.78608597699349
test_01190,28.295607620604244
test_01191,16.386145134112716
test_01192,66.75535304753306
test_01193,26.422929642542933
test_01194,35.35587530566805
test_01195,43.82650579647512
test_01196,72.8049524326614
test_01197,86.56699792823125
test_01198,43.373446461663065
test_01199,85.10351609202941
test_01200,33.55953295478269
test_01201,23.885631062777183
test_01202,83.62990789050589
test_01203,62.70528347715478
test_01204,25.87179579052389
test_01205,33.42550064941488
test_01206,37.31237351304671
test_01207,17.40558612598802
test_01208,19.083534844441058
test_01209,16.848013270680564
test_01210,25.451495641876143
test_01211,44.879481681828466
test_01212,19.432145671323873
test_01213,40.28191252942314
test_01214,52.31269254472069
test_01215,16.135915929724824
test_01216,28.18309736225414
test_01217,38.264339487977296
test_01218,46.53450713534187
test_01219,31.559868174918133
test_01220,25.873478844090197
test_01221,73.39048562756963
test_01222,51.768586845802815
test_01223,23.849214508734903
test_01224,24.581904393039423
test_01225,47.35047534512243
test_01226,36.79662519882663
test_01227,16.606122781711342
test_01228,15.488045293760347
test_01229,43.63234268452176
test_01230,27.097375641368437
test_01231,26.720436158866814
test_01232,41.93459536495925
test_01233,28.409652085824074
test_01234,24.820718340874436
test_01235,26.731624632831082
test_01236,22.891295008855284
test_01237,15.187612252771284
test_01238,32.32653880137707
test_01239,56.581940024860046
test_01240,40.67945377510528
test_01241,18.960170707908887
test_01242,40.355448688243655
test_01243,34.12907035047745
test_01244,23.8835044835732
test_01245,11.06829376333283
test_01246,33.43723555322826
test_01247,30.126273195884878
test_01248,17.685642374248577
test_01249,25.99539353957259
test_01250,18.968825235767866
test_01251,21.259600113923007
test_01252,34.44395903999509
test_01253,27.310575167604163
test_01254,20.79149956662191
test_01255,65.25816985036752
test_01256,32.18692703453038
test_01257,12.979566610784543
test_01258,19.14546545765614
test_01259,10.05659541146997
test_01260,86.46482166311375
test_01261,13.813091187752297
test_01262,20.548243198814134
test_01263,71.40815358990163
test_01264,43.87880345228597
test_01265,21.367830620623874
test_01266,49.28976760724309
test_01267,53.30650486115236
test_01268,26.970655290690928
test_01269,80.04050445047159
test_01270,28.427664550252175
test_01271,15.64052818536405
test_01272,54.43112977240695
test_01273,19.169519067322824
test_01274,21.77775071199243
test_01275,19.26158786142183
test_01276,58.6182902748909
test_01277,22.721555730817066
test_01278,33.344930122669545
test_01279,98.3298755350582
test_01280,47.90492692433244
test_01281,53.815603239129416
test_01282,34.18003472636673
test_01283,12.29544947521797
test_01284,126.64596073041719
test_01285,51.926946062708296
test_01286,21.824628545794205
test_01287,23.281091057363238
test_01288,14.020237147941163
test_01289,26.36720463452589
test_01290,52.75256411674328
test_01291,11.549696038402185
test_01292,48.52594397120925
test_01293,31.905051785897562
test_01294,22.777990017518633
test_01295,25.339862991721844
test_01296,18.979240541252736
test_01297,35.88084688738775
test_01298,15.810321318793818
test_01299,14.575621613986783
test_01300,26.334331822874738
test_01301,13.134129448433075
test_01302,37.02998625435361
test_01303,22.410018500595985
test_01304,46.13541137456833
test_01305,21.891755318036616
test_01306,13.68493606583375
test_01307,16.8544942283899
test_01308,49.46104678379058
test_01309,21.877932110740574
test_01310,23.24049252277819
test_01311,57.310868264096584
test_01312,69.42995973981037
test_01313,27.16747318032148
test_01314,14.41752881990184
test_01315,51.032018147624626
test_01316,55.48761972974326
test_01317,64.39275962554285
test_01318,34.20556244052911
test_01319,58.407004510594
test_01320,17.917065296197837
test_01321,19.844604724348443
test_01322,20.724645436121225
test_01323,28.944108037386343
test_01324,19.695847890599705
test_01325,12.603363243303361
test_01326,16.204793312485172
test_01327,37.03685987589222
test_01328,40.82659368112565
test_01329,41.97598839022085
test_01330,25.548788591778248
test_01331,46.46395656524098
test_01332,31.343406122146664
test_01333,71.03493949261846
test_01334,35.938429487458244
test_01335,13.38048721118614
test_01336,36.343267719743125
test_01337,21.872428528657466
test_01338,21.796398118422857
test_01339,12.684962635556232
test_01340,60.58059277608062
test_01341,20.880222388533785
test_01342,49.98746420690566
test_01343,19.137643089106138
test_01344,13.548525698891588
test_01345,25.777316117326706
test_01346,59.10004106764244
test_01347,76.99776935146593
test_01348,24.07917198959025
test_01349,23.340378357539045
test_01350,14.523628613628699
test_01351,65.40277623748737
test_01352,12.990489742494717
test_01353,33.44733011087152
test_01354,34.59759394740641
test_01355,46.98241635023295
test_01356,27.66941567156888
test_01357,26.0911843025047
test_01358,17.425457752475836
test_01359,29.955529497692936
test_01360,60.02718792154356
test_01361,62.03691024561941
test_01362,50.25603521762764
test_01363,58.69741280043218
test_01364,67.65120201373871
test_01365,30.263797679381334
test_01366,39.04002162352879
test_01367,50.883530581765925
test_01368,68.57712697104657
test_01369,16.17528498057505
test_01370,19.529848475280183
test_01371,22.753939066832473
test_01372,62.885112604545455
test_01373,34.939999679369336
test_01374,61.44800716974975
test_01375,41.51679188587546
test_01376,20.21341087449435
test_01377,18.130115621760027
test_01378,102.47619942898552
test_01379,21.653136957447582
test_01380,42.811841666578324
test_01381,19.087421586832775
test_01382,13.11328470904953
test_01383,27.25843507361744
test_01384,45.28178250405742
test_01385,22.975061655226938
test_01386,13.8091714530458
test_01387,48.22150200651427
test_01388,40.356816559820764
test_01389,23.76956990819239
test_01390,20.901968550158955
test_01391,31.42198203647147
test_01392,15.402347575503349
test_01393,13.162274704730518
test_01394,21.704315792421564
test_01395,20.184511831270203
test_01396,19.774171133375877
test_01397,37.802004829952914
test_01398,23.597026124509796
test_01399,52.3485002792402
test_01400,29.876657336402573
test_01401,21.984900365448052
test_01402,56.682754169663845
test_01403,43.21618809986009
test_01404,22.821026491284098
test_01405,26.386198746230107
test_01406,21.386374785217154
test_01407,14.527124408971652
test_01408,20.512557888856954
test_01409,118.33912951694685
test_01410,26.778976919246997
test_01411,29.848265919469306
test_01412,14.356844666603696
test_01413,20.74678845879858
test_01414,44.072353851952954
test_01415,19.78674298330447
test_01416,17.952620102779342
test_01417,24.79991415653864
test_01418,85.79838517131279
test_01419,16.65887089532142
test_01420,16.42844448900848
test_01421,19.50043204027016
test_01422,51.077664679957444
test_01423,25.514817869832747
test_01424,29.42410155967125
test_01425,48.38529874249432
test_01426,16.221494818710973
test_01427,17.381850438483546
test_01428,33.28382382197573
test_01429,25.834687568546432
test_01430,83.10542111843836
test_01431,108.46153812527807
test_01432,25.090500601741915
test_01433,67.82691638878786
test_01434,24.229221401756465
test_01435,47.38374726013333
test_01436,16.913645047603843
test_01437,52.6429226847868
test_01438,15.944202300847259
test_01439,20.645734892530168
test_01440,22.239756058810933
test_01441,25.09446885309196
test_01442,12.03588379927898
test_01443,47.0034138308901
test_01444,16.020563985859162
test_01445,76.18572473091916
test_01446,26.557333719954073
test_01447,46.64744603816154
test_01448,45.364034770875676
test_01449,30.620873274939417
test_01450,38.787944304521616
test_01451,60.45507895551316
test_01452,21.83732235257757
test_01453,29.05449247377276
test_01454,39.17229174614948
test_01455,51.6364994454663
test_01456,52.852577580433675
test_01457,52.05494688809392
test_01458,50.14124575475742
test_01459,14.620328405882079
test_01460,15.255608939998403
test_01461,25.67603163598472
test_01462,83.03983362940113
test_01463,26.993448422745182
test_01464,31.012879800877364
test_01465,14.008652616929702
test_01466,18.595603903644903
test_01467,25.927837129108553
test_01468,15.45638428932084
test_01469,20.368746044766596
test_01470,28.946959767096118
test_01471,42.06727654073987
test_01472,22.614846279758318
test_01473,103.41929083759385
test_01474,38.465775405545195
test_01475,30.16108153152169
test_01476,33.3366971016568
test_01477,13.049733708106482
test_01478,62.14519891597837
test_01479,53.83039522683363
test_01480,93.12103488329159
test_01481,62.68846964128868
test_01482,57.97463362160861
test_01483,15.3630827496931
test_01484,12.989676624554377
test_01485,51.372571424638416
test_01486,49.53637862656586
test_01487,28.68016687302297
test_01488,72.5090120708792
test_01489,35.378486515402855
test_01490,14.908546875045374
test_01491,31.073207991994472
test_01492,14.432202711559802
test_01493,45.97910538099755
test_01494,12.690212793134108
test_01495,19.69673799632726
test_01496,13.696855658611128
test_01497,23.608469821160035
test_01498,14.146133186016574
test_01499,43.257450645713995
test_01500,6.837088201609061
test_01501,14.388800313202774
test_01502,45.89618647951584
test_01503,19.693153327966183
test_01504,12.096119995197757
test_01505,24.530861074389325
test_01506,16.03820261668012
test_01507,70.58260478933354
test_01508,30.925174702593953
test_01509,13.150551031402202
test_01510,57.32323321361253
test_01511,25.641116149274872
test_01512,26.157420899735538
test_01513,80.22051718790372
test_01514,22.8842616184523
test_01515,19.33415461484395
test_01516,34.140501939169496
test_01517,43.865825838600855
test_01518,19.98006297766312
test_01519,19.962314260481854
test_01520,17.249465297556668
test_01521,33.84721616136401
test_01522,24.871257905770054
test_01523,60.74413578408135
test_01524,49.26081416475169
test_01525,16.25631495398697
test_01526,10.086954148681428
test_01527,20.87723877596719
test_01528,25.0537548200088
test_01529,62.23277179239447
test_01530,9.895641090942933
test_01531,19.558613618474237
test_01532,19.598048695368256
test_01533,19.05590353686759
test_01534,25.19384156385935
test_01535,116.13183392341153
test_01536,20.112530134049948
test_01537,56.48740999944428
test_01538,36.31011138964807
test_01539,35.58586077450664
test_01540,60.332484332305214
test_01541,20.298408477944598
test_01542,32.104149272779615
test_01543,43.274804561953594
test_01544,42.52208506341978
test_01545,24.084097723412413
test_01546,24.776527060475438
test_01547,20.32149521707177
test_01548,55.27184306892276
test_01549,21.719144045009255
test_01550,48.57844981028735
test_01551,28.002003968448197
test_01552,33.16627616122185
test_01553,14.02077213391104
test_01554,48.67623107938009
test_01555,25.49791809572553
test_01556,62.00016263206788
test_01557,18.183907055040336
test_01558,21.660892192798208
test_01559,13.990923589589839
test_01560,65.66789254930299
test_01561,92.17183070107777
test_01562,23.950842123968062
test_01563,14.588903228519507
test_01564,14.524975909593433
test_01565,19.26829034076326
test_01566,29.827531210137273
test_01567,44.662061872456455
test_01568,21.05199291567043
test_01569,21.094596402396625
test_01570,35.462002389399046
test_01571,37.25171789306417
test_01572,15.201228119494843
test_01573,34.887273201617525
test_01574,14.54930222294784
test_01575,24.27609721099435
test_01576,20.440368068273916
test_01577,35.2502107761962
test_01578,35.469568123076016
test_01579,59.1172552102002
test_01580,16.89283097988027
test_01581,36.409691405006086
test_01582,23.309880402230014
test_01583,54.8308719483023
test_01584,15.916270665570522
test_01585,56.82683513079766
test_01586,20.109589267815565
test_01587,32.31888023277507
test_01588,95.88925723992011
test_01589,61.46028261562874
test_01590,43.56275891471231
test_01591,32.76674800402921
test_01592,35.402840203892
test_01593,36.7044764682799
test_01594,26.757930138921047
test_01595,19.261598200232612
test_01596,83.64876776426969
test_01597,16.692715880988768
test_01598,22.100949750631315
test_01599,68.82661788625762
test_01600,24.564870630305823
test_01601,48.929702510890905
test_01602,36.88849448190612
test_01603,23.034645301790153
test_01604,17.428662530512735
test_01605,45.25006506383889
test_01606,49.71674033411422
test_01607,90.62125176491888
test_01608,43.10172738836767
test_01609,22.740868560801207
test_01610,26.662684564056036
test_01611,59.50602858728301
test_01612,19.837988823107374
test_01613,15.592864972229362
test_01614,16.29041532284244
test_01615,21.68215201310185
test_01616,63.89800671003391
test_01617,17.90475564771101
test_01618,22.91187813373761
test_01619,17.047069983052076
test_01620,55.98794599844294
test_01621,91.44170477670323
test_01622,36.39331749399475
test_01623,13.682447597123643
test_01624,41.74293237982627
test_01625,35.50925137830242
test_01626,19.13148120028523
test_01627,24.848459135901926
test_01628,38.19424055656761
test_01629,43.85466325327609
test_01630,46.21521925162958
test_01631,13.810171191335336
test_01632,49.04207125438273
test_01633,14.642540904206665
test_01634,18.058957034003235
test_01635,15.587873204487378
test_01636,16.899850695277514
test_01637,31.164588862123395
test_01638,13.87459725535335
test_01639,42.34282451965057
test_01640,15.898580529311083
test_01641,30.95014439241766
test_01642,33.336349146424546
test_01643,93.37741518114282
test_01644,44.322418303783934
test_01645,24.596569137728494
test_01646,26.997398454072346
test_01647,17.641963167451305
test_01648,49.84098923286523
test_01649,45.9308139005527
test_01650,54.23755310315103
test_01651,22.08515255165745
test_01652,33.26555876805611
test_01653,24.390037660346206
test_01654,46.55212860922167
test_01655,29.041517451735338
test_01656,17.984104516513483
test_01657,31.24708146016381
test_01658,24.01359040994748
test_01659,36.23477210895055
test_01660,38.28638067351167
test_01661,17.042973985183167
test_01662,67.15281773152847
test_01663,26.028453932327434
test_01664,74.25018501699866
test_01665,15.699771752509815
test_01666,16.8466988665592
test_01667,14.549832421471184
test_01668,29.6851933541357
test_01669,24.826613031125518
test_01670,20.041610839904628
test_01671,26.672627067708834
test_01672,18.553005008030254
test_01673,31.75191410899831
test_01674,32.252775375012114
test_01675,23.65280440346021
test_01676,35.62430229332681
test_01677,33.463345374548744
test_01678,44.785276670127836
test_01679,92.44003027188438
test_01680,15.471225829084698
test_01681,23.094639027380403
test_01682,15.458534373330952
test_01683,83.30458540125045
test_01684,16.91348976877977
test_01685,33.523240062367385
test_01686,55.00620108470047
test_01687,19.946109975024847
test_01688,26.75997004781209
test_01689,30.31608045126913
test_01690,15.86153258470177
test_01691,13.313418883786682
test_01692,15.710035280363861
test_01693,22.29931674382305
test_01694,27.830950093607445
test_01695,21.098015908789627
test_01696,35.8362529357897
test_01697,26.030605345335445
test_01698,28.462697928439823
test_01699,19.910121407943727
test_01700,104.11608169638595
test_01701,24.863368522169942
test_01702,61.92801521638883
test_01703,25.77611878229161
test_01704,58.83122219517324
test_01705,59.33883160328323
test_01706,25.606846654577573
test_01707,18.577126801375698
test_01708,24.581688864659505
test_01709,16.135778776726355
test_01710,40.73943328446429
test_01711,33.59597281381505
test_01712,61.536525467599915
test_01713,48.115504001744455
test_01714,12.273572072604152
test_01715,42.259657414969126
test_01716,8.770124256785381
test_01717,21.65939677487205
test_01718,43.13079355642161
test_01719,23.16378655616411
test_01720,74.70898624189199
test_01721,31.305852720903452
test_01722,24.705478282686244
test_01723,59.092973605473865
test_01724,35.508181062631664
test_01725,32.681276132706195
test_01726,22.034245472324606
test_01727,18.38434145163015
test_01728,20.653427599059953
test_01729,46.42806510514457
test_01730,66.78590265238888
test_01731,19.66514575096859
test_01732,18.620385789261753
test_01733,29.62815558380506
test_01734,19.252619118576686
test_01735,38.938270426285115
test_01736,52.8507691477993
test_01737,31.807345076767046
test_01738,34.103900947301554
test_01739,42.813823051094765
test_01740,17.07580093422682
test_01741,33.332486711243895
test_01742,38.69790821212361
test_01743,41.02187507729384
test_01744,69.61949367538928
test_01745,9.90500965633015
test_01746,21.71924193493947
test_01747,32.25719376843428
test_01748,34.20305595917827
test_01749,28.957393982498623
test_01750,27.47004107278331
test_01751,49.8634615153585
test_01752,23.796289030788927
test_01753,12.992295314248725
test_01754,19.011376933928858
test_01755,36.11983081541525
test_01756,20.41793418847363
test_01757,18.883293728791042
test_01758,27.397361300526576
test_01759,55.34864890355604
test_01760,26.006854087660997
test_01761,19.30290993934163
test_01762,61.63797112242899
test_01763,61.47191877823421
test_01764,23.044368678645334
test_01765,20.533842992364892
test_01766,42.30658584772691
test_01767,25.349200155492156
test_01768,46.09590524027627
test_01769,57.04971752565275
test_01770,26.996736822715093
test_01771,30.657257006709386
test_01772,29.29255186852658
test_01773,37.16377078787338
test_01774,70.3802633089352
test_01775,37.31227754453658
test_01776,13.324837105430973
test_01777,26.03372519146499
test_01778,17.938885319504195
test_01779,21.232698402188426
test_01780,51.07386397585816
test_01781,17.38216055511903
test_01782,20.52876483962185
test_01783,66.7965560991884
test_01784,31.49867117556115
test_01785,31.42750371887505
test_01786,49.47059577162449
test_01787,16.125896983490485
test_01788,38.63061830894549
test_01789,30.193442213936002
test_01790,46.57998638541987
test_01791,61.86897412684587
test_01792,28.3419482263293
test_01793,18.940768236232866
test_01794,88.30649210767386
test_01795,26.41896559196943
test_01796,35.8897706929056
test_01797,28.088949642400507
test_01798,15.722282450505407
test_01799,12.000921827130552
test_01800,45.27731716083069
test_01801,14.865826332614002
test_01802,36.307926963705484
test_01803,36.59989909857609
test_01804,24.196792048733748
test_01805,48.68040245972395
test_01806,22.006920199503682
test_01807,14.162999237555626
test_01808,79.78836713482124
test_01809,22.05368618325419
test_01810,50.324575472845105
test_01811,14.275894078368397
test_01812,24.554987621598336
test_01813,43.763532692973115
test_01814,38.472085225983875
test_01815,9.921110772959512
test_01816,20.346622709877977
test_01817,59.00421322377068
test_01818,18.021878323309224
test_01819,37.37420537822399
test_01820,53.226126065727655
test_01821,22.12514478493781
test_01822,14.033945423523768
test_01823,34.70660020412382
test_01824,18.03517527075076
test_01825,31.31120494421728
test_01826,15.441631346714617
test_01827,30.935972305195634
test_01828,80.79707803215109
test_01829,44.85790225582883
test_01830,30.96694816621995
test_01831,45.20428757812825
test_01832,92.0007860658077
test_01833,41.18733714402701
test_01834,21.67496437758932
test_01835,24.979709294539994
test_01836,29.778664594469745
test_01837,30.838180397076787
test_01838,25.698287270509493
test_01839,19.11113363417593
test_01840,28.531424377047248
test_01841,28.053873847179084
test_01842,38.47705949862579
test_01843,16.102306872170026
test_01844,28.52186956530442
test_01845,116.33351821135881
test_01846,36.2818132668489
test_01847,44.8322685680329
test_01848,38.76018752245726
test_01849,34.17907944476208
test_01850,29.36528374882436
test_01851,32.42740980894336
test_01852,128.15765746172687
test_01853,21.620273469935103
test_01854,28.515646217551094
test_01855,22.736070982260184
test_01856,5.649685082150771
test_01857,50.58607165253953
test_01858,25.047827032932517
test_01859,32.94681640117473
test_01860,13.80199865365417
test_01861,49.92931446164428
test_01862,29.646561485287936
test_01863,20.3891991520442
test_01864,25.042898237366387
test_01865,69.72026174447787
test_01866,26.495542065478453
test_01867,48.04744593568267
test_01868,64.73723298952801
test_01869,16.62840075436353
test_01870,59.54918635002141
test_01871,25.37525894118333
test_01872,22.563244635575412
test_01873,40.994539687825096
test_01874,56.86920056908774
test_01875,45.16810596273271
test_01876,40.50757084460774
test_01877,34.073043536186916
test_01878,50.145121055552295
test_01879,70.4832361204308
test_01880,59.93043137990436
test_01881,51.44482349082517
test_01882,24.268204048085245
test_01883,35.38151695520271
test_01884,22.584585892318522
test_01885,93.69274303308626
test_01886,83.94700572369796
test_01887,23.11794495271209
test_01888,38.55980934821191
test_01889,12.1819245604701
test_01890,70.03058735082709
test_01891,23.962587472533997
test_01892,23.941210607464335
test_01893,70.86979899475045
test_01894,56.44789440811327
test_01895,51.66542032582478
test_01896,18.92385993513627
test_01897,14.72410875369808
test_01898,18.50199156168999
test_01899,58.449525383586106
test_01900,75.60085007542727
test_01901,26.11634889657496
test_01902,19.142811724886673
test_01903,14.148910053295555
test_01904,26.209163847447773
test_01905,20.307008203760425
test_01906,18.942732525659988
test_01907,41.81727673873387
test_01908,71.69567514622332
test_01909,14.165220182062537
test_01910,20.90829864558095
test_01911,29.55685673242418
test_01912,24.738528523011443
test_01913,29.604041461287544
test_01914,16.267327415022237
test_01915,17.45637759616777
test_01916,33.08833781451718
test_01917,15.595461627612329
test_01918,49.73221330276546
test_01919,74.35669046336685
test_01920,18.196698496320476
test_01921,77.64313617156233
test_01922,30.72809472100476
test_01923,15.375248782701242
test_01924,32.673543770683004
test_01925,33.68108513302825
test_01926,14.26302456619228
test_01927,22.739289040978093
test_01928,100.03534433370878
test_01929,27.01716357367058
test_01930,12.465243496785448
test_01931,68.55942944578172
test_01932,15.305365702630022
test_01933,53.66611707025557
test_01934,43.99929626896763
test_01935,35.18110389578514
test_01936,18.154400988031696
test_01937,36.39362752847087
test_01938,19.93399082998645
test_01939,30.136747981949128
test_01940,113.23892404047417
test_01941,69.01482486813161
test_01942,12.056023919223659
test_01943,32.83488508282862
test_01944,31.702106734009657
test_01945,27.12000987228871
test_01946,81.53292669032732
test_01947,12.196362568931914
test_01948,21.282367174062998
test_01949,27.246103687414774
test_01950,43.46426612838235
test_01951,33.95120744457341
test_01952,22.66234025225522
test_01953,25.670920237394903
test_01954,22.58959450620032
test_01955,33.377020211116744
test_01956,102.5888475281202
test_01957,81.79408668632522
test_01958,43.1026548382018
test_01959,73.55021615916817
test_01960,32.7726959538693
test_01961,34.00407526589115
test_01962,43.47785294394875
test_01963,31.32949951099269
test_01964,35.500931192306325
test_01965,21.425391638414098
test_01966,35.05137107466212
test_01967,21.708444443621122
test_01968,23.282779375862958
test_01969,15.325063946490804
test_01970,58.055886593961674
test_01971,36.712238714004556
test_01972,44.27501949364859
test_01973,25.21915644700565
test_01974,37.152663698634434
test_01975,55.999747942957754
test_01976,15.150514432968382
test_01977,26.606723947089094
test_01978,37.62006166229997
test_01979,33.61038179013736
test_01980,53.8256840390556
test_01981,23.871907600281787
test_01982,14.222206133326097
test_01983,31.317028537088397
test_01984,21.202221917984527
test_01985,22.78133076981885
test_01986,32.14810817752294
test_01987,23.161886695848853
test_01988,45.41624653999892
test_01989,16.258414513693026
test_01990,39.91421641498487
test_01991,20.086597535123406
test_01992,35.66358553918744
test_01993,45.9262732133749
test_01994,33.66580305571115
test_01995,34.46702905434975
test_01996,17.757977214430454
test_01997,45.52592937000562
test_01998,29.746431648476076
test_01999,42.33352060598748
test_02000,72.01312514255824
test_02001,22.491696065580275
test_02002,28.17202426646152
test_02003,24.81261928703546
test_02004,24.11729606005462
test_02005,17.761819778195864
test_02006,43.06804030786904
test_02007,30.143772997502243
test_02008,26.670283149385604
test_02009,68.70649710556884
test_02010,20.42445961655496
test_02011,13.272701567890802
test_02012,20.009954869113763
test_02013,31.024600744475492
test_02014,41.344125864216664
test_02015,56.59827103325984
test_02016,19.34847239884099
test_02017,21.529770961502454
test_02018,29.34432624770376
test_02019,30.717265140411534
test_02020,26.550551643195206
test_02021,53.80342669810707
test_02022,27.8618709784063
test_02023,43.347881212945474
test_02024,17.834220346895066
test_02025,130.3559750146926
test_02026,57.47898389488533
test_02027,20.626817304524188
test_02028,35.82760320190532
test_02029,79.394627561224
test_02030,28.877078075958135
test_02031,11.158866973714916
test_02032,35.48939893961135
test_02033,45.85120958310537
test_02034,32.56654304728646
test_02035,66.88681203377332
test_02036,21.982599836225543
test_02037,18.716663733305314
test_02038,74.5929525567151
test_02039,40.62905343666584
test_02040,22.01581532082382
test_02041,30.40039474120221
test_02042,15.002878063285618
test_02043,20.960738519029324
test_02044,48.14643574315765
test_02045,34.37580464094951
test_02046,26.830594432031425
test_02047,31.53527822077734
test_02048,15.721090574155657
test_02049,39.2150637272962
test_02050,57.93464240627584
test_02051,26.155099032116958
test_02052,51.069914173679706
test_02053,16.912391948392038
test_02054,41.7771673012325
test_02055,16.460784686273993
test_02056,25.76725139799548
test_02057,68.72136544004105
test_02058,16.545631177535107
test_02059,24.258640881001963
test_02060,27.10733306429545
test_02061,22.801072260195365
test_02062,20.736888870436584
test_02063,76.43378755841618
test_02064,19.58951079579611
test_02065,58.97103627293683
test_02066,30.120500253093873
test_02067,13.362077726061386
test_02068,54.93794932909501
test_02069,22.590662200199343
test_02070,21.385575309177735
test_02071,20.808597181788137
test_02072,59.09337956623768
test_02073,40.42101330398565
test_02074,21.431951890483433
test_02075,15.196969042232748
test_02076,27.077289133678356
test_02077,21.508724154932565
test_02078,73.91333637773691
test_02079,41.43841129571931
test_02080,67.49423047502246
test_02081,16.621664394667874
test_02082,28.141262686933203
test_02083,29.691690356334437
test_02084,13.102244083485834
test_02085,23.854252438565393
test_02086,17.05551189854781
test_02087,39.92520150496726
test_02088,74.45042988571535
test_02089,18.04623245282015
test_02090,28.234294228626645
test_02091,18.26652551675893
test_02092,19.001083409164057
test_02093,27.744560499405594
test_02094,32.046190286002386
test_02095,19.84264615107178
test_02096,18.546132001434493
test_02097,44.72449969528391
test_02098,51.28151894804769
test_02099,15.913015117639393
test_02100,15.117585626126196
test_02101,13.02854778047958
test_02102,16.196805922096793
test_02103,24.736589044499585
test_02104,40.39182945132674
test_02105,86.15361530835
test_02106,23.960743627518717
test_02107,12.095302290641284
test_02108,47.035064976630665
test_02109,29.77145365650007
test_02110,15.9596521556358
test_02111,41.26040721247311
test_02112,95.0402485233289
test_02113,17.81983244295325
test_02114,26.770802614312224
test_02115,20.32330087170008
test_02116,47.184538128694456
test_02117,21.074174967313255
test_02118,28.978405299893847
test_02119,68.20780069191474
test_02120,31.19802196788912
test_02121,32.827329508371676
test_02122,49.0086381689557
test_02123,15.564130618504029
test_02124,24.324704241827156
test_02125,50.49728987509229
test_02126,14.797343615660875
test_02127,18.237181008164217
test_02128,19.658383339587306
test_02129,27.757351479223153
test_02130,59.50558304033069
test_02131,44.191296792676496
test_02132,21.211429073502217
test_02133,46.90849340742799
test_02134,19.361847563615562
test_02135,53.02206120166282
test_02136,20.38613966723824
test_02137,25.151216786811478
test_02138,26.431467914427806
test_02139,54.103646076371014
test_02140,39.552576307020296
test_02141,49.51421248947115
test_02142,39.362194327312125
test_02143,43.03322703765946
test_02144,54.92899227347261
test_02145,38.610869878497496
test_02146,54.55011269551987
test_02147,45.923774790121335
test_02148,47.037546971490286
test_02149,45.14825412986534
test_02150,13.536577812146088
test_02151,27.048661506753525
test_02152,23.114161598057795
test_02153,39.90630342240441
test_02154,50.041803294088645
test_02155,28.54758741927627
test_02156,79.57474906566736
test_02157,16.22367575384859
test_02158,25.216897388641414
test_02159,14.544959913780076
test_02160,15.193405661319884
test_02161,41.911399851051996
test_02162,13.97160138932161
test_02163,27.649901208073743
test_02164,22.17176745216092
test_02165,48.370622144567946
test_02166,18.627983763714035
test_02167,16.59838556555393
test_02168,19.592568511892544
test_02169,16.919485922331475
test_02170,26.516933315198536
test_02171,38.063607456665224
test_02172,58.79594037203765
test_02173,70.55731344810343
test_02174,53.14952954269824
test_02175,32.85635901189823
test_02176,57.81181336061006
test_02177,48.0065881839634
test_02178,30.360489331954142
test_02179,54.313605750264365
test_02180,40.526071853786746
test_02181,14.34792442119465
test_02182,74.4121999794219
test_02183,20.03690948341974
test_02184,16.26223819086166
test_02185,40.33602196183673
test_02186,20.495060784286046
test_02187,32.93181279306552
test_02188,46.65752304002338
test_02189,33.51233804660797
test_02190,29.265208276717818
test_02191,27.241692148919682
test_02192,32.04152147429543
test_02193,20.86527898962667
test_02194,19.83049567178187
test_02195,48.66121969475819
test_02196,15.847672569022423
test_02197,23.34643628923902
test_02198,13.956381199789309
test_02199,36.41101674005801
test_02200,23.923346217048906
test_02201,22.05655068783347
test_02202,24.097576255840668
test_02203,64.52404803070917
test_02204,17.68474892559403
test_02205,14.605571875580246
test_02206,29.957935070057083
test_02207,31.54201506485999
test_02208,10.710114712494823
test_02209,18.37190206326865
test_02210,46.798682684995114
test_02211,23.077795703237143
test_02212,27.87586883319176
test_02213,35.843635905038035
test_02214,35.24103726296429
test_02215,44.889260351864976
test_02216,19.190979089135524
test_02217,81.41051409984993
test_02218,60.11570764567881
test_02219,11.22020623932422
test_02220,22.306782359861344
test_02221,47.440969099196025
test_02222,26.363685678329105
test_02223,144.20761542718745
test_02224,23.729206178313518
test_02225,50.76493725076851
test_02226,17.981127629028613
test_02227,14.443011457123934
test_02228,52.05613255310586
test_02229,27.432830045262445
test_02230,37.39900126928545
test_02231,27.857761737912448
test_02232,96.81640149470594
test_02233,68.95244981216766
test_02234,26.223931265170393
test_02235,22.270200180416307
test_02236,22.881372053635907
test_02237,23.843428749526026
test_02238,35.22037857604197
test_02239,25.958579171746045
test_02240,14.984192179622028
test_02241,53.43908586728444
test_02242,18.85724846152772
test_02243,18.3997016198454
test_02244,58.449483715059806
test_02245,43.12513421988327
test_02246,22.527468219889297
test_02247,55.16039345402079
test_02248,74.13628314574407
test_02249,23.189606282222258
test_02250,25.02619620625684
test_02251,19.722081151942874
test_02252,25.772013615226236
test_02253,49.641239053089805
test_02254,29.290125949695216
test_02255,39.10451904841173
test_02256,20.950488014936816
test_02257,26.05278977405107
test_02258,24.53901582977892
test_02259,32.39699060816013
test_02260,29.005157161503455
test_02261,39.05560699526771
test_02262,19.57183043564577
test_02263,94.07359553748596
test_02264,87.60442395601066
test_02265,25.760286260213654
test_02266,48.45576296303538
test_02267,47.91314578723619
test_02268,24.47590597315988
test_02269,61.7350848204851
test_02270,18.639669062317093
test_02271,43.32646830351456
test_02272,76.04819935300164
test_02273,44.2015678090145
test_02274,50.311835440664
test_02275,19.67117617680911
test_02276,36.08926242572805
test_02277,118.8952182263219
test_02278,43.11208939419817
test_02279,23.930476703381277
test_02280,59.001942650920036
test_02281,22.052797799342294
test_02282,18.98100762423242
test_02283,34.64098590781467
test_02284,35.27170447063689
test_02285,14.727259903008727
test_02286,13.636589523985105
test_02287,86.67690684333401
test_02288,23.86546637919419
test_02289,39.64669654604873
test_02290,54.24385435767796
test_02291,11.95474496366581
test_02292,88.75118296159353
test_02293,21.310131073460497
test_02294,15.731121577907874
test_02295,32.72461636949182
test_02296,27.537763025542702
test_02297,16.41181431180638
test_02298,10.830101882139171
test_02299,19.545080675980202
test_02300,28.587877287339374
test_02301,14.376722957394225
test_02302,20.85912406889965
test_02303,17.63363616056615
test_02304,12.540957281351579
test_02305,45.23546133610723
test_02306,23.01913588834229
test_02307,17.711173939781915
test_02308,15.044386190101546
test_02309,27.47219763607791
test_02310,15.03957061168219
test_02311,59.67916650000423
test_02312,45.3373319465289
test_02313,23.67714128955638
test_02314,60.36242999111114
test_02315,49.316502480153275
test_02316,85.32181765267177
test_02317,38.32650331475844
test_02318,43.03408407149109
test_02319,5.817110221965518
test_02320,61.361166318494924
test_02321,43.19943567844635
test_02322,20.351521288723596
test_02323,20.23417906259241
test_02324,86.26136549236199
test_02325,23.504510150111887
test_02326,22.852913931813973
test_02327,28.259888285119253
test_02328,26.942121053822635
test_02329,17.043366241415473
test_02330,41.33825027147513
test_02331,43.957863067244425
test_02332,55.7848424756759
test_02333,25.169485040926347
test_02334,51.77161247283051
test_02335,19.243307333695494
test_02336,19.070734205142827
test_02337,34.3501116503895
test_02338,34.21041134558952
test_02339,27.413713800308358
test_02340,31.098901881990066
test_02341,15.437754285292435
test_02342,67.81295445098364
test_02343,25.693385084343372
test_02344,37.90970336686314
test_02345,28.41776783447428
test_02346,40.89113307935439
test_02347,55.81869986313944
test_02348,35.949069290351844
test_02349,38.94154703160219
test_02350,21.341279721679605
test_02351,55.34358822353299
test_02352,31.715898899495233
test_02353,21.05421728185518
test_02354,29.671840557572217
test_02355,17.41616369301072
test_02356,19.2474249433845
test_02357,21.92950453983882
test_02358,25.17173206926408
test_02359,29.51860710901528
test_02360,24.213291591737892
test_02361,49.97466694133099
test_02362,66.36135697116333
test_02363,33.25498574905874
test_02364,14.9621986653687
test_02365,29.87246045637684
test_02366,26.21192656858163
test_02367,76.75759993727556
test_02368,29.54244057790367
test_02369,21.224326599509922
test_02370,20.001756885344292
test_02371,20.174202177893008
test_02372,24.87993611584676
test_02373,19.881255424887023
test_02374,18.023757640269118
test_02375,20.240301491778347
test_02376,14.742449664229273
test_02377,26.437461109947733
test_02378,23.21533871371779
test_02379,18.878291755082643
test_02380,21.250883690612635
test_02381,37.903098494907525
test_02382,29.089554579532177
test_02383,19.530836903663868
test_02384,28.208132328120428
test_02385,100.7138687802263
test_02386,32.386613026046845
test_02387,20.713936471419093
test_02388,22.570364506321233
test_02389,119.40479242450392
test_02390,40.320614194798495
test_02391,54.07606913890771
test_02392,27.536717880213068
test_02393,42.91191082874322
test_02394,13.052709109201498
test_02395,40.344571744510006
test_02396,31.480791644796252
test_02397,41.94721278015649
test_02398,48.30008618669066
test_02399,19.93423976793835
test_02400,35.3245009956103
test_02401,23.85843098421328
test_02402,35.073766311605254
test_02403,30.369687600085783
test_02404,28.451826437262362
test_02405,88.20234990838503
test_02406,32.66543909055001
test_02407,26.176518974115
test_02408,17.603691337319916
test_02409,49.4571909634534
test_02410,28.17754154812212
test_02411,28.292622663939945
test_02412,55.06611812911182
test_02413,37.407441739033864
test_02414,99.65812714130703
test_02415,25.145878951078704
test_02416,16.58988093565885
test_02417,48.40868334328185
test_02418,12.340252926036118
test_02419,35.5172955043065
test_02420,17.623244538694966
test_02421,83.73489866084496
test_02422,31.1004680807081
test_02423,17.481119643981398
test_02424,25.677915878392902
test_02425,61.07564967982796
test_02426,13.980906439114332
test_02427,48.46934127795605
test_02428,32.80348613634156
test_02429,29.032058492923753
test_02430,19.365014346441185
test_02431,26.869964897425707
test_02432,20.606771778682006
test_02433,13.613127623595863
test_02434,26.63599404084664
test_02435,61.592158070310404
test_02436,29.90076955096149
test_02437,62.60926263815257
test_02438,14.462311561009296
test_02439,21.357302290854882
test_02440,27.253094237128018
test_02441,25.33700021526905
test_02442,23.314326555790426
test_02443,21.64416934457057
test_02444,28.987590701998318
test_02445,71.42268500934222
test_02446,32.10887792311132
test_02447,16.668925477617876
test_02448,51.70841539512229
test_02449,80.877575696055
test_02450,22.09641905127725
test_02451,28.294908137986983
test_02452,38.40915643789839
test_02453,14.192719175840415
test_02454,32.90168243056961
test_02455,23.236517393181273
test_02456,15.279674042617966
test_02457,149.65538397061434
test_02458,19.67803231669547
test_02459,22.176491655603144
test_02460,26.202461215163538
test_02461,32.578359061924075
test_02462,26.992733483282876
test_02463,14.046763949345724
test_02464,14.203545782987065
test_02465,41.21985569704587
test_02466,19.503414572031904
test_02467,29.257393533426928
test_02468,23.45036247707916
test_02469,27.30316603002091
test_02470,24.84023616891215
test_02471,22.89186748225426
test_02472,18.08771729200644
test_02473,27.451257624299636
test_02474,19.54613172421935
test_02475,63.508207897568255
test_02476,32.42931833676812
test_02477,44.04754601203051
test_02478,9.866522660585394
test_02479,34.2600051950677
test_02480,26.926491515141507
test_02481,21.30036970734973
test_02482,26.18897310663509
test_02483,16.956975609389296
test_02484,23.672002387040607
test_02485,132.7962572666035
test_02486,44.34062122498114
test_02487,37.527176375766814
test_02488,22.300519852590195
test_02489,19.410731280969266
test_02490,24.136272789060875
test_02491,44.54901311644401
test_02492,22.70265598085379
test_02493,20.36890993165068
test_02494,25.150747507998258
test_02495,49.43358593667027
test_02496,23.06314935026739
test_02497,16.437271405992988
test_02498,25.723990585379404
test_02499,40.56571726362763
test_02500,15.933561479362462
test_02501,47.52113848135069
test_02502,15.632653137173426
test_02503,16.681150219120664
test_02504,27.800584979236753
test_02505,25.82169180578135
test_02506,40.26434089557481
test_02507,27.663135191109774
test_02508,22.483719634675737
test_02509,13.160064616629352
test_02510,19.417134533670694
test_02511,79.96884133657737
test_02512,12.202951807468413
test_02513,39.84033254198064
test_02514,112.1219113221455
test_02515,44.10919743913835
test_02516,20.511965437312433
test_02517,22.816454947900848
test_02518,63.88516469796036
test_02519,35.454763527926985
test_02520,96.73989196511769
test_02521,16.560352968131838
test_02522,35.645136203986404
test_02523,19.053012737960657
test_02524,13.72131964224609
test_02525,87.91757601272916
test_02526,25.74526601160027
test_02527,34.88709250481103
test_02528,55.51824908285195
test_02529,20.870725164530057
test_02530,30.617314013730887
test_02531,23.966441169630237
test_02532,42.40218584898546
test_02533,55.97652641663408
test_02534,15.427899345465358
test_02535,15.474614151058933
test_02536,44.36109526048749
test_02537,39.465004953418806
test_02538,13.52933646503192
test_02539,36.00026352884498
test_02540,25.113047193311026
test_02541,8.242941862196716
test_02542,31.911961996216007
test_02543,29.22112101768083
test_02544,73.01292875716891
test_02545,27.681368889037913
test_02546,19.4115158913165
test_02547,36.97878996060502
test_02548,37.469318661678486
test_02549,13.300106550996983
test_02550,16.22589456722597
test_02551,36.008545419228966
test_02552,17.112826020283762
test_02553,26.66577333122715
test_02554,32.15748303563775
test_02555,46.86714007225126
test_02556,23.39206922293176
test_02557,32.67698720179523
test_02558,13.440544564728217
test_02559,13.838972992787255
test_02560,67.7113990499557
test_02561,24.033635296407645
test_02562,14.38172048475952
test_02563,11.096672455886258
test_02564,18.677682071471544
test_02565,21.35887736232786
test_02566,21.558615841726297
test_02567,8.546186406570195
test_02568,27.28801947665451
test_02569,32.860356057967465
test_02570,13.287195922262264
test_02571,37.3611557552571
test_02572,5.55856201081896
test_02573,19.788263005351972
test_02574,21.832674459105295
test_02575,18.886545113894645
test_02576,19.407726033708574
test_02577,42.98003345349852
test_02578,13.849153682965346
test_02579,22.862585907069963
test_02580,31.303571256395216
test_02581,29.165475104998187
test_02582,22.933494415623343
test_02583,19.259413103813657
test_02584,93.2008482614927
test_02585,15.222727083166664
test_02586,43.44746525449405
test_02587,84.58924340295845
test_02588,24.620934340621897
test_02589,26.958252378265747
test_02590,30.312798577776398
test_02591,15.979658776546355
test_02592,24.547698435993524
test_02593,16.536181425347827
test_02594,41.64319058187833
test_02595,67.87763686713299
test_02596,19.012335082519648
test_02597,61.77520007163876
test_02598,16.6446367118271
test_02599,36.726956025534996
test_02600,19.23100854973798
test_02601,35.034747718474875
test_02602,37.86393949452299
test_02603,40.45438204176432
test_02604,25.069190288805313
test_02605,16.09841264554058
test_02606,53.585284911348595
test_02607,25.996613145563508
test_02608,60.790865019592914
test_02609,35.5809049804724
test_02610,31.04945553236534
test_02611,21.648053584680028
test_02612,78.90091335515673
test_02613,15.043150052758264
test_02614,103.85626046064328
test_02615,12.453938811980947
test_02616,17.746880599208552
test_02617,80.42588299286328
test_02618,14.34773766136831
test_02619,20.90508735747933
test_02620,21.26106279739112
test_02621,32.97722823964217
test_02622,29.364445980795065
test_02623,51.68331439899761
test_02624,76.43971167083801
test_02625,20.448154746231836
test_02626,12.17504592422601
test_02627,90.46386885620097
test_02628,23.121835031629413
test_02629,14.807477348991714
test_02630,43.49055406119263
test_02631,17.60470258662412
test_02632,35.9850664079234
test_02633,18.47225149048277
test_02634,37.759135467849674
test_02635,18.51871725169444
test_02636,17.484051758595747
test_02637,39.480323510651885
test_02638,40.53752105265983
test_02639,14.611388374461802
test_02640,34.49351357149526
test_02641,35.42501350217639
test_02642,24.106059641572422
test_02643,17.814718046022612
test_02644,12.472740780184068
test_02645,25.47182303280055
test_02646,20.35185944608509
test_02647,48.196981761908106
test_02648,33.014855629034706
test_02649,56.37372800193387
test_02650,28.477029570820214
test_02651,29.899684293379956
test_02652,57.47078035125692
test_02653,38.08276361538287
test_02654,22.317509407550478
test_02655,27.28757896135123
test_02656,28.12248524014374
test_02657,16.40541765610328
test_02658,14.774179793395977
test_02659,14.093283055779185
test_02660,26.52795453665866
test_02661,21.194559833321556
test_02662,26.685668505482724
test_02663,65.06346404569027
test_02664,51.78297036324497
test_02665,39.28058429999691
test_02666,26.8742730587811
test_02667,22.71171453265328
test_02668,57.38194370795735
test_02669,47.03876350339249
test_02670,53.15034055693337
